{"cameraMode":{"drawMode":0,"name":"Shaded","section":"Shading Mode"},"sceneLighting":false,"audioPlay":false,"sceneViewState":{"showFog":false,"showMaterialUpdate":false,"showSkybox":false,"showFlares":false,"showImageEffects":false,"showParticleSystems":false},"in2DMode":false,"pivot":{"x":0.330810546875,"y":0.93798828125,"z":-0.179901123046875},"rotation":{"x":-0.0861251950263977,"y":-0.7470889687538147,"z":0.09873618185520172,"w":-0.6516838073730469},"size":4.055130958557129,"orthographic":true}